delete ciudad;/
delete departamento;/
delete pais;/
--pais Colombia
Insert into PAIS (IDPAIS,NOMBREPAIS) values (57,'COLOMBIA');/
Insert into DEPARTAMENTO(IDDEPARTAMENTO,NOMBREDEPARTAMENTO,IDPAIS) values(8,'Atlántico',57);/
Insert into DEPARTAMENTO(IDDEPARTAMENTO,NOMBREDEPARTAMENTO,IDPAIS) values(11,'Bogotá D.C.',57);/
Insert into DEPARTAMENTO(IDDEPARTAMENTO,NOMBREDEPARTAMENTO,IDPAIS) values(12,'Antioquia',57);/
Insert into CIUDAD(IDCIUDAD,IDDEPARTAMENTO,NOMBRECIUDAD) values(5781,8,'Barranquilla');/
Insert into CIUDAD(IDCIUDAD,IDDEPARTAMENTO,NOMBRECIUDAD) values(5782,8,'SabanaLarga');/
Insert into CIUDAD(IDCIUDAD,IDDEPARTAMENTO,NOMBRECIUDAD) values(5783,8,'Galapa');/
Insert into CIUDAD(IDCIUDAD,IDDEPARTAMENTO,NOMBRECIUDAD) values(57111,11,'Bogotá');/
Insert into CIUDAD(IDCIUDAD,IDDEPARTAMENTO,NOMBRECIUDAD) values(57121,12,'Medellín');/
Insert into CIUDAD(IDCIUDAD,IDDEPARTAMENTO,NOMBRECIUDAD) values(57122,12,'Envigado');/
Insert into CIUDAD(IDCIUDAD,IDDEPARTAMENTO,NOMBRECIUDAD) values(57123,12,'Rionegro');/
--pais Brasil
Insert into PAIS (IDPAIS,NOMBREPAIS) values (105,'BRASIL');/
Insert into DEPARTAMENTO(IDDEPARTAMENTO,NOMBREDEPARTAMENTO,IDPAIS) values(21,'Rio de Janeiro',105);/
Insert into DEPARTAMENTO(IDDEPARTAMENTO,NOMBREDEPARTAMENTO,IDPAIS) values(22,'Bahía',105);/
Insert into CIUDAD(IDCIUDAD,IDDEPARTAMENTO,NOMBRECIUDAD) values(105211,21,'Rio de Janeiro');/
Insert into CIUDAD(IDCIUDAD,IDDEPARTAMENTO,NOMBRECIUDAD) values(105212,21,'Duque de Caxias');/
Insert into CIUDAD(IDCIUDAD,IDDEPARTAMENTO,NOMBRECIUDAD) values(105213,21,'Belford Roxo');/
Insert into CIUDAD(IDCIUDAD,IDDEPARTAMENTO,NOMBRECIUDAD) values(105221,22,'Salvador de Bahía');/
Insert into CIUDAD(IDCIUDAD,IDDEPARTAMENTO,NOMBRECIUDAD) values(105222,22,'Feira de Santana');/
Insert into CIUDAD(IDCIUDAD,IDDEPARTAMENTO,NOMBRECIUDAD) values(105223,22,'Juazeiro');/
--para mexico
Insert into PAIS (IDPAIS,NOMBREPAIS) values (110,'MEXICO');/
Insert into DEPARTAMENTO(IDDEPARTAMENTO,NOMBREDEPARTAMENTO,IDPAIS) values(31,'Aguascalientes',110);/
Insert into DEPARTAMENTO(IDDEPARTAMENTO,NOMBREDEPARTAMENTO,IDPAIS) values(32,'Distrito Federal',110);/
Insert into CIUDAD(IDCIUDAD,IDDEPARTAMENTO,NOMBRECIUDAD) values(110311,31,'El Llano');/
Insert into CIUDAD(IDCIUDAD,IDDEPARTAMENTO,NOMBRECIUDAD) values(110312,31,'Calvillo');/
Insert into CIUDAD(IDCIUDAD,IDDEPARTAMENTO,NOMBRECIUDAD) values(110321,32,'Ciudad de Mexico');/
Insert into CIUDAD(IDCIUDAD,IDDEPARTAMENTO,NOMBRECIUDAD) values(110322,32,'Contreras');/
